packet_rate,avg_packet_size,flow_duration,tcp_flag_syn_count,tcp_flag_ack_count,connection_count,std_packet_interval,label
51.46713686433323,759.8647170504717,1344.939329952222,1,3,2.601672987118372,27.14048575095038,0
382.566545788896,53.86623568959,177.8839635911121,100,1,150.5550139614343,5.723667820355545,1
556.2574603885395,42.28130149069779,112.3091972147984,104,1,122.6924364415733,2.837804304125621,1
520.656218776091,65.21312309410405,191.1231671496896,97,1,128.8570414154201,6.387384470515201,1
44.07606075761131,669.6387447456715,1589.818885061745,2,3,3.354309381518861,31.11761881270768,0
552.9844913894642,43.68424549662856,110.16238656527,106,0,90.55283284245368,4.287997172544173,1
473.4181838999929,46.76129640165145,90.29599338334523,94,1,117.1625704766327,1.794012874578581,1
49.04704467613048,419.8942265847261,1137.101547758041,4,2,2.329456838583317,25.84356052259055,0
47.79030400466777,658.8578404420609,1177.458167453348,2,5,3.76379977236326,30.62331696703778,0
478.6396990586375,47.54538837992504,35.79008945444197,97,1,140.5812449409129,7.321162353809343,1
540.5227513108734,30.35046969272715,88.73259331434961,100,1,142.6918482702625,5.353381068460353,1
62.78451862607299,636.9642192198094,1065.901747114602,1,1,2.65283851758155,32.29787744155533,0
48.55639588076058,713.9878561129045,1110.650243996957,2,2,0.9156683786571996,22.71976753326783,0
58.12525822394198,563.7559058596868,1053.072469879926,2,7,2.141783968228373,33.39274827310525,0
65.65524029234341,710.0959634998571,1315.623611512437,3,1,3.610235005693996,31.92527583968917,0
36.01432426180859,518.1801116577693,933.7383233633354,4,4,3.069085192724271,31.37698117071604,0
58.49602097021025,683.8490774451642,838.3468556718148,0,3,2.84967162623629,35.50196446139365,0
65.77453279763475,650.0844474944457,1151.584369984724,1,4,3.316087822108934,15.03146698669689,0
53.26927373764163,629.355793216663,940.0646703986426,3,4,4.383135646778152,32.38794409776502,0
700.2590244055591,43.97559280374233,133.3677642227339,129,4,112.2011105184487,1.417441386147091,1
55.88317206484577,650.7991326912544,949.6922227911008,4,5,3.498111995644542,33.37832226628488,0
463.5065322015953,77.44180391067567,88.20099505665269,96,1,68.91484835236649,1.505389262735242,1
612.5446022986372,90.32576901112029,66.98093147322305,122,2,161.4330637176036,8.36266982231318,1
575.2295750898638,22.62051848346247,58.29204766417096,106,1,87.96128692086003,6.039533123978456,1
384.2094933229528,76.41817042338215,85.61485559354418,90,1,67.15659429943148,6.804399411608147,1
402.0354447819929,96.59125192642476,62.26978088033636,91,0,120.3126628102115,4.252475700064464,1
57.07751935455475,604.3602446372454,958.828113823932,1,2,2.286807695633867,25.95132266305094,0
403.6536138256832,60.43330823407127,113.7624343784182,97,0,129.5079496934411,9.871463718883778,1
70.75400798645438,525.2788320852177,1017.137432280672,3,8,2.334954081996888,32.43143652370448,0
525.3890106604289,28.9308773267347,26.26107293808026,83,1,90.97784021399904,2.422084931008159,1
472.1227046910416,69.28527486471586,62.48705961541316,94,2,88.57612438493095,1.614184575110525,1
540.431120938571,64.09714600435382,108.2512631219356,113,1,107.9855299341241,4.051139182700483,1
41.67644426895771,739.2465300064329,856.4162218504796,3,4,1.489453949630504,28.34380345560803,0
475.348189643749,60.54975266721625,149.3917210653997,102,0,106.3196707009454,5.632924997618572,1
418.564044309188,64.73084387229726,100.8534412599863,118,0,106.9458349090142,2.051508692303068,1
439.3468944400058,82.4819178940325,22.77725454582229,103,1,102.4268327494514,7.724892847750318,1
518.2549831168765,72.74238080822455,68.59510824601084,111,1,72.7361959841328,4.476665023508717,1
435.619854902469,57.49426754461124,70.5654150265363,125,3,84.76236020640806,3.716038052909036,1
57.60414656144297,640.7052287124535,1039.962086743743,3,7,4.307964192549344,31.06363060595892,0
35.6413784882056,660.9138120907177,902.5542871772896,0,6,2.477585271622491,24.63454335818692,0
51.15674634292859,626.8592278863257,1068.117843280099,2,8,5.632386204677498,34.14549220009168,0
50.81874139386323,814.5149127773388,950.5948598508006,3,5,2.967125514847566,24.68370656734361,0
540.205981949715,56.67515855358339,75.50279895130188,95,1,138.3503260496779,2.810666921641284,1
551.3822605336825,75.13454005706856,124.0950816020169,101,0,135.8995760481843,7.884593296339947,1
39.29915233673847,563.0389663956366,770.4617220368666,0,5,3.195162047141818,33.60319615678633,0
404.5296950044944,41.7439102679761,56.36194646057309,91,0,131.2317941482992,4.043826939605214,1
65.47505201330061,679.3488720552212,779.5415700327153,2,3,1.485585937601879,18.65461363523799,0
44.39818959803031,699.2042349536523,800.3878745371175,2,6,0.9982939982744664,27.4226536345807,0
634.0735030087501,67.23815672721976,68.89362598218055,117,0,157.4964501000315,7.999028058785555,1
33.4514332813423,559.6351536758003,1214.308630446977,3,7,2.489708840436937,25.99912350667948,0
455.8787415917616,63.33632119036555,145.4111262045865,89,2,38.27568902486944,0.7660364783033824,1
49.29834288541353,631.9174510419181,908.7758345051624,2,5,2.44720908245482,25.90998907629127,0
57.21672064043235,640.373009033661,1135.828555087639,2,4,2.806844775150421,28.93114875968826,0
30.40329876120224,453.562511979018,898.2072748585002,4,3,1.921684933370772,24.70926784352794,0
501.3943162366481,71.77663903083895,90.61530342891174,90,1,98.62650652119147,6.789673376289135,1
54.25457561784965,462.0381835211069,1254.470700021354,1,6,1.376082157430033,32.64317407667279,0
512.4196841646624,80.09658298966474,91.7742734101915,91,1,91.79279369466929,5.928607170965249,1
429.1738854225551,56.10830673920665,118.980502820724,115,2,72.07736949250358,2.114020542475088,1
492.1599226573328,94.758095236705,164.6908845407363,88,4,121.0432415145155,5.069858267509558,1
423.771116753096,61.32282230298004,199.6691750291207,97,1,120.0943128901043,4.266984398450341,1
57.91031947043047,710.5525932957984,1482.523084322583,4,5,1.506810187791069,36.62502327472819,0
390.8905653096527,45.12600166189633,73.86093917169146,119,1,104.9873138493788,4.641852015345491,1
36.51814577894287,673.8810480887503,788.2184825886799,1,5,2.680167735871921,21.31156900877328,0
63.55637858804951,520.0807993349747,762.0666681819278,4,8,2.791794742010034,15.16623465629635,0
64.533844771177,644.1940649569409,1340.821103251098,1,4,4.47170889836189,24.35467789083849,0
293.7365719887576,93.65325829296228,141.0483569656498,122,0,152.3700708601896,7.767400774458869,1
574.0772903881784,49.3982082799026,217.1428504143704,88,0,124.4378972976936,3.478696341967322,1
551.8084786053656,52.92418537715372,79.72063216261606,128,2,47.17059340472884,7.130812203588182,1
38.31321962380468,594.2381202966415,801.1301250782975,0,5,2.377328233447617,29.15335571442476,0
44.10635243055788,599.3929088460106,1017.063628513005,2,6,4.895507345991355,32.53805911471624,0
431.7146972237915,74.72454890330253,234.9020228408713,94,3,75.83927210049758,8.059220588329183,1
410.0667212190453,86.13108135469001,75.47021290482843,110,0,107.841371981044,1.54626861124078,1
52.07687687163111,611.5026079147417,888.5153893783357,0,7,3.284566790474526,26.91634945021799,0
475.1033368661055,48.41742325986247,136.1388386966387,84,0,118.764351645318,10.25027883319723,1
34.96857046881894,645.2371796249734,869.5822222813879,0,5,3.779130625588352,30.38968648279105,0
62.77664895788425,602.8181157369128,1121.344611827237,3,4,3.887803935578849,28.63423876740049,0
65.23124077269657,754.2109952567876,748.6986211441488,0,2,1.377025037996436,34.85672142270741,0
529.6681514168797,82.95605583519506,172.9442694316235,97,1,118.6780701451846,5.521146412060972,1
465.9260320545947,83.58848936280856,91.10068960243277,113,0,82.69044197358707,6.10793785136388,1
25.76120673371043,694.7526462122858,830.7368045068529,4,2,2.252570746750795,26.36273037638441,0
47.4743184860684,616.9360824036078,1136.04322109009,3,3,3.238737925291356,25.03565647310651,0
545.3774324347098,57.32948529095024,192.8925075645332,100,1,123.9531048365095,4.710724010424869,1
525.5942289475819,62.87179650958984,108.2478437704512,109,2,79.66584172758188,4.536227189165976,1
455.8609718534166,77.29169583503543,136.2910574019399,109,0,139.8401465731444,5.061170592405502,1
53.71145873371309,676.6080278384691,1204.27665908588,1,7,3.398712801790344,28.46211305218128,0
573.6407660052544,19.69983120985819,90.88790879107306,114,3,100.3347673487072,3.185732700475289,1
414.3044113704811,32.39294129173629,102.0663415938502,100,3,102.8941846340263,7.159865766001724,1
537.8573652649586,63.39370181715503,122.631201499006,103,1,65.6995080472172,5.235850153606637,1
515.4936014678535,59.24564100468817,141.2612209590813,111,1,55.95585620151219,4.958772948152199,1
487.2638630730688,53.618741604306,134.205249546737,102,2,92.70867812065758,4.785729583440526,1
341.0151816218857,55.99492346374448,174.597152958082,107,0,102.3793442920842,4.207988130663358,1
566.2126007788158,66.03583861305745,94.6933996193842,91,1,80.26609691211355,11.81610141169199,1
45.84712086099199,714.8637349428715,1077.831839133586,1,7,3.447930732772947,36.62750109860628,0
17.58732659930927,653.8755992446369,1247.156438364431,4,3,4.887625120626005,26.38582602410875,0
54.96714153011233,739.9355436586002,864.9643450051237,4,5,3.123529201841093,27.46955354404056,0
427.6563850678728,68.05313963294321,28.41351517376293,104,0,100.0098617100439,4.5121845150822,1
64.4376460407326,534.623366135118,1304.201245431876,2,0,2.577431580978781,25.26508617191326,0
48.92969640045443,675.3341621104532,883.9893517259914,2,10,1.512625553596023,27.62257629405278,0
56.24119817052155,479.0305257158892,1139.107551513156,4,1,1.630536225343942,23.55161951019472,0
483.9826666806675,58.96837485568844,143.5408775931732,102,1,120.8393253501374,3.427498097629252,1
54.29618219132585,412.4827530354255,1119.005893167113,1,4,4.435856464085898,27.24733015899649,0
47.54611883997129,659.4754341665285,953.1960281786036,4,2,3.010021151740569,32.43421034483745,0
44.23096344337597,524.6582129653816,1207.04986694475,2,3,1.749783974105199,32.81836827135078,0
488.7747017562272,22.96826331418827,190.9538595097903,100,1,160.9742098341199,6.803176898444441,1
474.6962770908124,102.1171268872665,128.3028729416034,111,2,139.8809197364323,5.795068057394113,1
519.2860863042636,39.78818793682811,132.2648479215521,100,0,84.98381474250195,2.556429977070654,1
545.6467760095887,58.96163282447878,88.02378415444657,96,2,79.90988620788806,6.723855107193472,1
534.7254789746542,69.65425521112276,128.1908279693252,113,2,113.5597030283355,4.230616750385567,1
639.8508458019428,68.81513508877528,92.64141760757818,118,0,139.5120373923091,4.288341842213905,1
38.93665025993972,714.8765700372103,1078.092969985778,2,6,0.8973993080789779,25.17086614552018,0
530.5693736474014,55.38578055030354,29.57842548158196,95,0,44.52446721201668,1.757744564307503,1
42.99879185060827,623.924686411115,987.1623645783004,1,9,3.291658933189046,25.0499314304843,0
511.6808487820581,104.4064371600976,105.5544175652417,85,3,134.9406428495811,3.156563127901559,1
46.25179192450403,620.1159655872839,692.8855753585788,2,5,1.521997744695816,36.78053357105163,0
427.0725298731084,72.19818245309288,-19.59909447780701,95,0,93.79172021424668,5.087255942198715,1
491.8873736222509,50.28819775909982,70.65208950118577,97,1,98.7725016893605,3.791935419109191,1
46.14917719583683,639.5803533437409,826.5739568578199,3,6,1.860938492383649,31.64911530434255,0
58.65755194170121,498.5243269307133,687.1516776577897,5,5,3.233285041087872,28.26625054495879,0
450.0181933777908,56.52370299061258,89.97775086613875,107,1,123.0889087103338,4.579112231120512,1
521.641078037312,68.55353542019859,76.19911262005284,101,0,120.2970978516875,6.501983243556012,1
450.9959278116751,67.98009518487704,163.9242603725836,106,3,148.5485717487283,5.196079195906835,1
606.8090134243278,128.5782095601643,185.048575970825,96,1,80.97752956341989,2.213707831906446,1
434.1705916001617,28.59526691836311,161.1201080825251,93,0,93.77886379191294,4.955176272412248,1
44.35921369263271,609.7983153470896,921.5057787878254,2,6,3.382033705716011,41.18485538530815,0
52.08382807947552,680.0409525227682,1303.278811050714,5,3,2.396703151221845,32.15641908443149,0
449.6023974515448,82.33958855280257,59.80876758786274,111,1,108.6109257707937,2.870092864935976,1
383.9024626992052,70.10786752440927,83.72432935025317,93,1,50.55828989803849,5.798476352502981,1
56.07896509716539,521.2216248091761,964.8872109001568,0,4,0.846411887055448,36.92435546897022,0
478.9727600430085,65.04426006725727,87.63035300262821,102,0,99.06331123528388,6.551590223955502,1
34.43370826476097,640.9818656928512,1049.861719128346,1,3,4.67817992212487,34.3653303316605,0
38.74510952701623,592.2162802987198,998.6957369541084,1,8,1.334615361759,38.39286982174379,0
39.87895624739832,566.5224667893459,1339.991474915276,2,1,1.522835583687618,19.69238443943875,0
51.73180925851182,440.700626646833,1037.941233522079,0,1,1.509752476700953,29.52863641384517,0
56.90143991711113,719.6571501664491,874.1473212614422,0,4,2.578417688559707,31.90033720286916,0
37.19570647503717,667.2573701202731,1028.977566619378,3,7,2.818266462384094,32.09455805686393,0
484.2115875732268,78.77142134119879,130.6442035881592,113,3,146.4423266449259,5.610489296108267,1
52.6105527217989,400.1799315467892,785.6285533919689,2,6,1.166829548301273,24.09002239051087,0
628.159412369073,74.51180350964643,86.06025101142235,133,0,60.01687675210684,2.447788652587542,1
43.46670767426288,523.0026768941358,733.9372748522021,3,5,3.009226992995469,23.17102035974528,0
394.0133555437892,52.02815922172482,74.33016596119693,107,0,113.0242607202795,7.646659852688025,1
470.7375403758395,61.10793823566668,166.6967819943974,106,1,127.9021737790669,5.128910166455989,1
653.7779648215562,108.8184793091307,123.47982416472,90,2,109.3253651654583,4.758226256574452,1
36.40143859020081,442.9123847931501,916.7611190229492,1,2,2.355071539677702,32.88631183600459,0
539.3391712604977,85.41691242151096,60.62242796856467,100,4,111.9453636404593,4.619535785521089,1
50.18433933065393,546.4036554885952,1202.292607081671,4,9,-0.0185567705677924,29.06149197062982,0
39.18943459591738,621.3196628237689,993.7121659250448,1,4,4.645354952270745,22.78035538753887,0
60.1437006501813,771.0613372581926,1170.795195310445,2,2,3.074887584371558,25.78852141614966,0
40.14273953664456,624.0753179488569,986.5643419901288,1,4,1.912106987890742,31.13271375465498,0
54.89374561227918,632.4359281721603,1146.374140857659,3,8,3.071287260549462,23.49774885539043,0
43.18015752002201,670.8303847201064,957.5582060197696,0,2,3.990566827442789,29.6062355687768,0
515.2168767474274,24.30112061616285,199.2613267835678,99,0,84.49352091747639,5.080179724220444,1
513.633233407449,99.4504954609381,117.6696898729478,113,2,139.2260164095261,2.823848654571266,1
585.84944214395,44.6348935921646,109.35344689883,95,1,79.47374275527726,4.776381435328453,1
52.23787951638899,579.0778126255473,866.4440887062228,1,4,2.472933881760226,34.20520638480809,0
537.0978446045692,67.16668142393843,63.13691618040195,98,0,72.39531057705348,1.501347434340672,1
39.97470635362191,340.895770785509,1052.250106246771,2,5,2.140600789182799,26.54472811303052,0
449.9914063445078,24.18698014086574,33.2491877175988,106,2,37.75792533632355,3.976099271734026,1
49.62365297575152,546.4671814046077,1073.529858598284,1,11,2.41925890944355,27.00322147473501,0
380.3841930157475,51.64489750158367,32.95139820093601,103,0,88.89440641824167,3.08426920914264,1
488.8323898307399,52.02596435033621,81.10051270073912,92,0,53.75301484435396,5.897050557184079,1
484.352541052062,76.44221694565626,91.59301769754164,82,0,159.0410571792455,2.010043522474714,1
40.21627222384968,565.0683203881803,1337.002855741702,1,8,4.578342677497286,33.63561240742747,0
34.84255885002768,681.0808273159782,1096.775330237608,1,4,2.466456374176918,23.78564206968433,0
521.1055268543473,40.33793705711702,115.5817149403712,111,0,90.49470342665312,6.143871539202137,1
55.93101257968384,612.6379579546411,1066.771993313707,3,4,2.015586953824788,26.13583134555518,0
597.6572156396353,48.87068444300048,135.7804533986545,94,0,78.25953272770224,5.144256516951562,1
540.178777628158,60.65671618202613,78.10889385691739,87,0,84.94259490584012,5.368416885302285,1
379.7475944320319,69.20395362460081,113.4801847031622,118,0,142.486099662519,7.70559969139144,1
513.9138809580122,72.36924784776437,77.93112483526855,92,4,58.13455940881359,1.896185123735129,1
49.0394010027535,439.8034188102831,873.6844541669337,2,2,3.043900533123388,27.78239200081443,0
475.0633926026229,37.2661376215837,80.00886582022662,101,1,70.95606972242896,3.276933663634147,1
485.231120445036,62.42364303801357,129.1702457899095,110,0,122.7560722031529,3.45335330911659,1
46.57312405919652,560.8241850956178,1052.088452666711,0,6,1.568811666764248,35.70392900226237,0
539.4829835363014,61.70679551589787,60.05742279913518,103,0,72.66048203613781,7.617610448900329,1
423.1717558286309,74.92746483650745,125.6837607896653,114,2,83.44772062745392,9.552158035655332,1
36.95530499495147,639.9687951752642,899.4050458897314,4,3,3.569289323270064,27.03600383410676,0
48.61735698828815,692.4633682912769,971.0962658568964,1,9,2.783268210843538,24.33478826311269,0
532.0294631570049,23.1249408241474,164.9270664884542,91,1,107.0311829001521,8.059995962162532,1
416.4266775495005,60.13969832511877,213.1284404167659,92,0,156.7910843621056,5.015005948963376,1
51.83342005738352,703.9904687396076,734.7904627835924,2,7,3.217405852727004,27.44370271065236,0
578.5608788897272,74.12133899710861,65.48309383280477,98,0,136.0013665951183,8.103405985995542,1
507.793387445145,1.763921105654688,149.8194212821505,98,2,90.53098437373184,6.056288816454024,1
422.986517247278,51.9590139945042,150.0935206770544,91,1,115.5008660237886,6.211449921683444,1
458.0992567178653,78.82133102903862,1.034010257365239,117,0,142.9964455134182,7.975608696641025,1
503.7549038732182,45.05794492665868,115.0965842559352,104,1,70.81752686959646,8.518044030407442,1
42.32202434895871,628.7124165201824,945.2013836341392,3,3,3.609737723336705,25.69355948807049,0
447.2403650529258,29.10800546188753,162.2778407341813,107,2,107.8134977550855,5.295533898932948,1
37.69135683566045,670.1172742310898,706.494946849512,0,2,4.118338136793128,30.89334887609536,0
50.99651365087641,593.5861653407007,1143.076263088249,1,7,1.968893946705737,29.46008156993695,0
56.22849932347498,524.3204911430539,1268.09221035807,3,8,3.197313412290267,32.96527025141511,0
60.80780725554622,454.244850053507,929.6157364366982,0,3,2.721689744123424,34.1096074120795,0
53.42725346377704,386.4325786021304,1186.438312852077,4,6,3.325251675854344,29.63588783704829,0
29.607678222399,681.5737212539296,796.067132261577,0,4,3.092743065779552,29.37725760156788,0
423.6104734732739,41.76435424662716,106.8155647781834,104,0,102.8438487902821,9.5735952449877,1
583.5984396106555,67.20261902555126,93.64186018529342,99,2,77.2829245333528,3.275673168191921,1
388.4561799836466,63.23026998476815,69.58804259677304,101,2,130.3445588369979,4.090996598312819,1
50.74094780419775,628.2579950488299,926.0946142333282,2,7,1.826369607453202,37.11949468623425,0
376.739375334771,65.18839982526319,54.88808986426167,95,0,92.5757197587704,5.025177866490441,1
37.48886423614697,532.2255029475149,737.5561613137188,3,7,1.999729477223212,39.76472276999753,0
335.9158073716916,50.8674242855619,87.23969327801876,117,0,77.03540637591786,3.262973225391224,1
44.5508091319105,382.7330453985963,1099.972824748074,3,7,0.7515034655003445,25.36880443705725,0
58.27183249036024,571.9324923133225,1417.907744338955,1,4,2.03495441942382,35.55976680430204,0
489.2641848571637,47.50377590928221,45.89209320860025,94,0,116.2881778601466,4.817626114265377,1
58.1286211883896,626.7392314071903,1130.090018507228,3,7,2.472298588079394,46.88884120644681,0
573.5408873345034,31.41347058051871,67.37010453342558,92,1,101.2345937920949,4.059549333829183,1
44.88784323568815,708.0048065714649,827.782417965286,5,3,2.992325936315496,26.23146177569127,0
438.951491724362,78.4210625609585,86.44424258190453,77,0,67.60611562351278,6.566512368090816,1
378.3422776292704,48.2132687082964,19.67705494797931,109,2,101.6468679554414,4.833337050249183,1
544.1699667783874,93.3559586600903,41.57545539503666,105,0,73.58905859900216,6.454358631607116,1
433.092917080297,101.0819116584729,57.30355427143213,106,1,173.75159988483,5.764398423840245,1
472.5825778497484,98.03826297325004,75.7435028950065,100,2,73.55237760958798,2.498518598249895,1
54.01711722098941,502.6931059118444,1222.537674997985,2,6,3.01433642217576,24.59866470109654,0
395.1270394342272,58.72500156641645,147.3121835807657,111,6,136.111316061853,6.921007710153582,1
523.5661440432256,85.45820434494848,162.7968520007848,87,3,61.29842522652526,6.359937329595664,1
48.15097863557011,617.9581781939598,1265.786663907082,3,5,1.545107834710689,30.67400711645102,0
528.0873033341388,29.89441647677119,57.14138130541471,100,1,82.30884116466312,6.508700666042059,1
337.251530569251,49.37881659242649,79.08755423600844,99,0,97.20762971945412,2.585088637126391,1
34.80630034045987,722.7668992473292,749.5213111173762,2,3,3.103117582445637,21.14288724278078,0
575.4527360800133,44.93622174423067,95.72905835834668,91,0,182.1904640626455,4.356934484111463,1
433.7357968338488,62.20670866318751,157.1652137165007,103,1,115.6084618540208,3.093353086526908,1
63.82158991037527,591.1637040794665,1101.653727934918,1,3,3.247846281901825,28.12035877264322,0
52.70456825779839,485.8310885866495,1096.373212343698,1,6,2.310670931919928,36.26529105121957,0
578.2402380798727,88.79908082857261,103.3735012628612,103,2,142.8595534188669,5.743259276066081,1
424.0003437184244,85.55753042083944,115.9560420934271,104,1,49.04860421064804,6.990235795173271,1
56.10585745283823,676.0055963689603,791.5911175513794,3,7,3.372081478667386,36.18869052874612,0
544.6585685502642,81.13460861551356,139.9324103595572,97,0,90.1423965910444,4.478984493436721,1
551.9274707510001,36.66354460931868,12.7015483762509,103,0,77.22271954220429,7.386936857094416,1
57.38466579995411,768.3927691457868,861.0573737821884,3,4,4.84866306896655,34.44493874591821,0
61.79440120721287,563.4678448687891,983.3124060419278,0,6,3.251003543150147,21.60248603543298,0
533.395762752864,68.0788083213661,129.2906491777328,97,1,123.2480487826615,4.370547384922959,1
51.28104414910789,659.3556722280862,617.5490049160446,3,5,3.206677628539116,26.94242098980823,0
535.9154174554399,43.58322082299417,112.4796238037192,99,1,114.5207043125496,6.997190218880682,1
536.2431725257647,42.69581892295506,171.0135542633731,120,1,66.2536508382626,3.018850023583585,1
63.29152530132431,628.5554074857657,878.28205535206,2,2,3.432850402519974,20.60509527623086,0
48.85263558533101,579.6419639897638,1116.882596094497,3,5,2.937911301785713,28.31727539395445,0
447.8438276781292,58.98115441873194,72.58016060944087,116,1,79.68743729645011,3.362634249677273,1
60.03532897892024,716.0826787378519,973.1441675627392,3,5,2.892555118205751,27.28399249811832,0
456.3508674936998,101.0301892817116,167.8364245356061,109,1,29.98708278237558,2.089088126297295,1
55.70598668593159,504.056076327652,937.2940627655204,1,6,2.847981094367302,38.02467250876951,0
598.8963982607677,25.67004845712268,187.2005117037866,112,1,44.39951463791856,7.059842954024333,1
49.27171087343127,577.5366850002976,946.6695341531172,1,2,3.086761075462647,37.5093956689816,0
479.7032211946881,57.33368386963787,89.47559847314834,107,1,141.8632147176266,7.800611614748558,1
499.4195441227471,69.02645649486823,25.43860843047686,90,0,147.6167726147667,6.399272553903463,1
496.1344257012524,58.93896016149787,67.9884752265993,116,0,83.83039034874673,6.737458025696397,1
487.0971653071084,60.46770250312363,125.2077275475139,117,2,150.9133444141939,7.340631451203032,1
569.5225020424672,38.97341963953443,71.82234093756496,110,0,87.5380230149501,7.754991808937656,1
39.7348470058894,674.7910256117534,1149.001062575456,2,4,1.734363554910189,30.18783429353626,0
58.2541634898803,739.0207549017314,1046.01415183828,0,6,2.86622062747876,37.77141220805513,0
540.8588439685818,68.61692010339493,158.6447139315739,104,1,87.674997202835,4.359448676337456,1
45.25054688839044,603.4083468259226,820.2431903353744,1,5,2.906390976633634,27.38147858555237,0
442.1775795644405,93.50259879380452,157.9282746411161,91,0,129.434434784809,3.655080937631576,1
41.05392697780496,689.5038314076115,890.0919450808931,0,8,2.369136489316591,28.93283651456038,0
480.3754011049758,42.86996085761155,169.3922985172987,101,1,116.3142671938974,5.317116371458671,1
50.47398671316414,440.5296932733204,940.9820171524188,2,6,3.433063946741319,31.64341174748241,0
601.6423379317714,81.5125358803532,121.5006761905677,99,2,201.2990172588184,5.221381141093771,1
387.4551564316102,93.5536818179962,70.8328533560756,88,0,76.67747073402424,7.881982986996057,1
391.5566511068699,48.49382783196413,65.20850268038623,86,2,134.2600491424705,5.201381477719815,1
54.04981710960956,444.4104353796373,1184.330022384892,0,6,2.248832780376121,39.7448155572381,0
59.63376129244322,702.2570432009641,1316.108137313675,2,4,2.999391517677711,36.82780185216089,0
56.5854427267283,490.9033569784802,1106.963467269182,3,3,2.45697805361421,26.55172247549528,0
33.92516765438772,584.9944412967474,1034.668332874082,2,7,3.736763345167897,33.81951454287822,0
40.50601111168057,651.120259952498,985.2104868783216,5,7,3.853015188243497,36.61463080167766,0
436.2709944297617,50.21066009316019,10.15041763602996,99,0,114.640381462056,4.295909289256632,1
505.7876173855345,55.85286462611991,149.2284922978599,101,4,134.6995962864937,3.328004623116875,1
53.24166352488442,539.0487797840717,888.3396492107939,5,5,2.638769807085627,26.5961221683741,0
594.2469894849739,41.87563747614611,158.3597991679547,112,0,52.26026179834384,6.161777063383699,1
515.844554070812,12.58229253387124,110.5562388422333,99,0,105.2244327401737,3.044928613005038,1
50.10233061019587,568.3591550305198,1006.830483497605,1,4,3.810913772615697,23.4565793450543,0
516.6282590510117,59.7014925511408,65.80698983267817,101,2,43.29386030053212,5.080780253557089,1
53.33662105286948,690.3934841086195,1011.604546961679,3,4,1.471408703740714,31.84176001920486,0
50.96120776940983,529.1593233089537,1069.960004913582,2,8,2.17067962563863,33.83968831758268,0
74.55300139910895,513.38251517855,832.54751379006,0,4,2.155297001297017,28.25057325438499,0
526.4690824853529,63.33935246668327,30.03284761070624,97,0,115.1797919970396,2.105441253603557,1
43.08091930118756,597.0737186315022,401.7728058198553,2,7,2.821293115436504,34.44631712379488,0
586.0082763047151,69.01540834372531,90.06989223232578,120,1,83.64138788471763,4.664074517347078,1
39.37696286273895,761.3711269058647,1134.572247193364,2,9,3.640026618384329,24.07092544492527,0
53.28751109659684,623.8789159026513,970.4439362365056,3,2,0.2775458590080611,24.57018414629147,0
49.65011509503038,817.0942717497813,993.2774870592574,2,2,2.424813550356483,22.88970751416034,0
552.4892961488216,62.43006019637869,107.9341661809364,90,2,55.64657739187507,8.180963252145716,1
323.3961947462916,75.84274798290939,90.91695364070976,100,3,103.3695507988496,3.303371225795192,1
526.5571142853242,89.70433168294235,127.5563302043478,104,1,140.8510635979698,7.769420668560859,1
579.2048984573088,57.11024317111141,117.3480148442241,108,1,82.34807958292772,6.867146670896596,1
563.1003235108358,76.49337249382859,74.91211194151398,106,1,99.74215253817196,1.383765359159852,1
61.58110873500068,506.0664606181246,781.6598247721372,1,4,1.984336769120174,27.73370237026479,0
575.1362281329638,69.97828801928829,131.6597589335958,121,1,69.74910515350957,5.701520716220278,1
620.7392015862,86.85912663262452,-19.90815476254488,111,3,77.09929259550772,7.195124500853341,1
419.3589421463457,41.42527368934431,102.7170147070938,97,1,74.91851796703267,2.703170650726943,1
540.8078984965819,82.35264883207915,52.01338325835329,89,2,99.50700072397724,2.565505755148577,1
520.0411363004478,112.5061116053782,176.0332086490593,119,0,97.6077470530701,5.29510517181487,1
61.88393273448084,519.4129933503812,962.5341963187252,1,3,2.714313451907736,27.51315233429868,0
588.9637473682565,53.58507257042308,122.9300226938815,108,2,82.14495850278874,2.148412258506168,1
575.6397843727516,66.29525122910327,-33.99922429822345,110,2,68.8999805154237,4.10961657570598,1
57.46253566027221,487.3232531090194,773.9861321919284,0,5,3.793262495955031,22.74543535702994,0
420.1793773872516,98.38562600288918,177.7481363862883,78,1,115.8115506778784,5.097822196034941,1
507.7101698491228,61.68020381848702,6.92433196703999,117,2,136.8148052877028,3.841900547037726,1
483.9168982506692,52.01150438027966,111.2585466113468,101,0,167.4207072654878,3.715350565001144,1
46.3903383418092,658.6693801475275,796.6633742847006,0,4,1.429674185746983,24.84956972547785,0
37.62184501173151,695.6702316794584,803.7668937720637,3,3,2.724517684820978,38.01850927733465,0
38.57029702169377,736.4140429973844,1097.574456974215,1,5,3.839944539742028,30.64424810677957,0
421.6467409427876,70.75967344301883,135.9031021918601,82,0,112.5012345892291,2.925143689714484,1
628.9849222322839,50.52234260428562,192.2699840625189,97,2,149.6834467864107,4.828046116751154,1
45.7311893005258,702.9960817581161,1062.261734688577,3,3,2.079847768542314,40.52543319667251,0
38.93474091258329,564.6833707189312,1206.116117124811,5,6,2.91142893273121,27.65434641936269,0
512.37188345893,65.81826803184663,176.8927475663241,75,1,84.52787581709775,4.36875243398668,1
390.7030727278219,95.06750397448631,42.24957513000487,112,0,71.7227370402701,7.635109741131748,1
538.5206104793044,62.1333931073409,108.2807562548361,83,1,89.69472912699831,6.618228665910119,1
487.4796935832632,86.20389712108602,127.5718269087773,118,0,101.0749283324298,0.7918753247790375,1
53.2271856033809,452.1088431225871,644.752953420336,2,6,2.728269960130292,29.8093271558768,0
32.89831607343375,574.0453322416083,898.8506591476126,2,7,3.43345244169948,34.08996049628669,0
509.6616372441089,48.35465874982446,165.0564926089286,102,0,98.47589206352782,6.412580112200441,1
512.9433232482177,93.5611120090519,128.9986085516805,96,2,79.47106061788398,5.455140565630195,1
451.8482271253909,46.415561255638,145.9704214376823,110,0,101.6029525796631,4.599865188792357,1
47.80899471191136,464.3418195376595,989.9590765916512,3,1,2.31984763424818,25.41369178911356,0
624.6679968113582,41.91198995338261,47.86124716217904,95,0,117.4158444675352,4.511027458804062,1
472.4292130393475,71.33520762235315,82.65132734474413,89,2,78.28564606368876,5.776149346572769,1
536.7329052782846,64.59286111135593,155.0609790363854,106,1,106.8203459413475,7.099225589940354,1
42.36740843457483,562.7793223928948,1184.36030039545,3,4,5.299969124386473,35.34723694062095,0
508.5204321135349,65.59643191888554,141.9612572334395,111,0,105.2260402707721,4.513691102570119,1
53.68673308872901,669.6954404510735,990.8975509397516,3,3,1.883059115897636,34.92296447447899,0
538.5574261642314,58.77267919800174,180.0949395794991,101,1,98.10114223402604,2.452801997928435,1
32.21279751095722,632.307927311603,1179.413239377426,0,6,2.637144372626393,31.03960033691979,0
45.47693680750923,712.4112719986014,1252.741335530934,1,4,2.825556065714718,33.09203607872067,0
581.9909146212744,48.49325263913842,125.1544626668331,106,0,91.70077272083724,5.448276203078069,1
485.2809071917629,46.28890857032989,82.1761515685228,97,0,15.01802607100959,6.313699048659306,1
56.74819492166604,411.8150954502361,696.6714901158418,3,2,2.271209803622617,28.33309972196167,0
501.9157105959409,15.43315120100439,129.8149892730606,91,2,80.86552700683501,4.074803334320812,1
46.9082787653136,441.586405699451,644.7507333067097,3,4,2.79283831090596,29.45575687465419,0
48.72082408519233,672.2381357827771,878.8278358482213,5,2,2.588739569516517,36.5817241875976,0
518.5338147356049,89.18321988377383,104.468036929812,95,1,96.5830942383637,7.556812587848034,1
58.20482181197364,654.62842480037,1028.251428017493,2,7,2.592984108193229,27.54116693671899,0
50.71566237219393,492.7860988014393,1247.487626936828,2,5,4.214944106854969,37.46964071821099,0
462.3320135902173,61.59991710487164,171.2141707136929,97,1,90.7407061093512,1.06548867239838,1
75.26932425873622,696.4851633097458,552.3537533350056,1,5,4.625330309075195,33.57274880731753,0
54.93317900880889,586.2551485372309,1039.004996805625,4,4,1.096240594355407,20.66877032575205,0
49.25566570899954,557.069777548274,987.6471600279742,0,6,2.995798084608844,30.60304273806789,0
51.95845255097682,577.6534017628148,1246.174902630947,2,2,4.237464591733539,20.37368893706257,0
480.8435924987533,51.77653208893368,61.8709285251476,98,3,100.4224857940533,3.70817888233496,1
383.635087580422,62.22537038334979,88.66533650506403,108,1,51.79844997336002,5.774446135836422,1
39.93982618500298,606.447441481012,998.8807962341908,1,4,2.055091277314933,28.86668898138,0
529.5133762326598,77.09254621101405,92.50168544145694,101,0,119.9320074708715,4.316609575616088,1
44.77139972846732,741.0932379746271,987.5991981267936,3,4,2.205340815854196,18.87807945695566,0
401.5217202555792,62.14290659475137,92.3107417426904,101,2,43.13582270119122,6.380949869674667,1
492.9115114921112,48.61277615818263,146.9305539312747,90,0,132.8135579058233,7.394424070207755,1
499.3833078814205,45.92687245369834,165.8049725925241,97,3,110.0210538686947,4.684629117615576,1
45.49934528520756,699.6047685805817,1334.690418059707,1,4,3.48674150215806,23.07319740777753,0
55.15047686306048,459.7394728200306,937.3883938953692,1,4,3.799068073142299,36.18684896781799,0
62.66911149186623,767.2572386837703,1177.37747801946,1,6,0.6442965098726421,25.98138169552657,0
50.87047068238171,444.3418101340249,1123.154229954228,4,3,3.444591995073129,32.20247248081669,0
398.2972600708719,60.79598908232033,114.1176331989826,94,1,96.28571425516382,6.648326633698967,1
383.4160569932935,90.22566248221484,98.10535841026552,97,1,119.2193252728847,4.557902634663645,1
547.015592149425,60.57131525555172,93.65060933975096,112,0,94.42818606648552,2.533261036579747,1
45.12874616235304,554.6771950672725,834.917894004209,2,3,3.44841324947911,36.48128354874001,0
44.33702270397228,524.5724149980642,1222.864338933774,5,4,3.116661751169504,34.8161326694697,0
37.23251424179691,667.1340076450466,814.6603382305378,2,6,2.749166328188769,21.98135262485052,0
587.0473970566871,84.19787920038209,145.7586075359311,108,3,103.8961200179544,6.21583109714573,1
47.86011155774491,579.1883142727461,968.1909579199896,0,3,2.114331815993584,26.8820155983368,0
33.30594718878628,722.1033695525352,1035.042283781703,4,7,2.561572632784727,30.85593571872831,0
420.4182625654644,65.06367391398598,113.7546738471877,89,3,82.86762091694636,4.925060221169939,1
56.86051459998439,489.6791634278317,987.5617966001378,0,8,4.158471996473327,30.56667231952651,0
59.24027019206901,651.3907849658915,1124.41399806121,1,3,2.587579930150093,23.87232638892549,0
515.7898084351729,41.44571415431263,116.341610474176,90,1,98.72949531902592,2.516941251262364,1
542.1950921487997,55.78330562690839,98.3672048129845,92,0,115.6031524743443,6.056393447334625,1
51.96861235869123,704.7098302612154,646.1848190221763,1,2,1.960206775471765,37.81177254686615,0
443.7474830195349,68.79339444546048,88.45679444010324,92,3,52.12426060100422,4.636493652948421,1
29.26609767591851,563.3175588185312,1116.405313416945,2,6,5.116012056830995,30.22032317456469,0
543.0380775861191,64.34878161451685,180.903424058302,88,1,179.4479269870678,0.2039303790940004,1
422.7465668922215,73.94365241585706,107.0739476467337,117,1,85.82398044153926,4.328990900378481,1
71.90455625809979,485.3654606981312,1109.423823035042,1,5,3.501090009308772,30.94226798214642,0
37.19695601329106,630.8050539504102,1199.314102115889,2,3,0.6575216623346529,23.35320470532968,0
52.57550390722764,537.6231039304195,934.2763048502032,5,6,1.267505405032673,23.61314433224691,0
41.97722730778381,586.0410371844827,1225.086956882954,4,6,2.174834100254462,36.7305171193124,0
47.24948302848356,719.6631486645651,1214.595609553202,2,3,2.037858771809615,35.04207984971496,0
53.43618289568462,747.6540349725896,934.4210566974164,2,8,3.770050108917586,15.26547890357993,0
409.5583635173631,73.4753766867252,126.7234267534256,111,2,119.8254440163529,4.923128365306551,1
432.1297756894289,75.71948197730921,105.0381411450799,118,1,146.0842210568133,3.368080476426282,1
498.8044736463141,48.06752612033102,105.0663588430234,101,1,115.8204470584323,4.090896297172638,1
441.3286903268706,52.65955162736746,36.80642196331417,111,3,121.6973794125159,6.603815834256268,1
406.9597713773245,41.58833548327046,33.21966666768196,97,1,76.17805808970618,2.280760905456668,1
737.5607606196531,84.64567659021662,103.1089614906144,93,1,78.68979289992716,4.095713964818835,1
536.2299461435913,85.8750631173192,124.3656581526658,108,1,77.02964146047275,5.00618540335037,1
367.2980299931176,40.9778390651507,40.64348338583379,96,1,84.84637643861214,7.059200772379755,1
511.4467949622396,44.89751203102963,88.70092273279688,114,1,66.08899837403723,3.655770097524917,1
49.75874912889996,731.759753560796,1178.049500167302,2,1,5.148706293937051,23.83705467915542,0
627.580959123509,62.22134946391265,90.00350384407916,101,2,46.32184154353484,6.641938887819522,1
606.6568449104035,72.50221092497895,127.7483582499306,113,2,148.0783231563746,2.649304727697118,1
37.04921227936384,493.2467085745727,1079.585409989362,2,6,3.80485593818008,25.21036080252366,0
575.9760307422296,71.3049424794946,-40.75618449529247,100,2,68.23649677224377,5.079981294928214,1
545.7738504829971,47.99591550828744,73.90672417241267,115,1,87.64514208025895,5.655166944354993,1
449.0994532011171,81.37284439180169,56.13221324225531,113,1,117.7809424272469,8.116810445212337,1
385.3148861627648,24.21909691507356,176.9132820456018,103,0,89.54169763471108,6.362324129192327,1
47.45022782579144,500.069776770509,1169.634842533334,4,2,3.032264810771253,26.20667399228614,0
353.9507857148283,50.26828660598694,197.3664243452141,96,3,61.16729482305078,7.66825893615442,1
565.1747549835255,78.01550263581116,219.6506147383393,82,2,64.60384958357682,5.541913198481469,1
33.07535370285181,648.4732817294475,1059.315109028152,1,2,3.779696182179494,21.9331588189753,0
442.7589787101801,71.97190182888784,91.23783185178442,97,1,98.9485716303396,7.301603914115839,1
67.54794181984364,789.9881934895216,1004.780608656991,1,5,2.058618513860735,14.83005318927366,0
459.7930788875452,63.02432442675094,-9.822313082154947,94,2,75.9341363379068,9.286968775705224,1
54.13434903223701,551.7256477817967,875.1309220573552,0,5,2.212277566734481,32.54943623960597,0
33.72457562116837,788.4586305934608,1084.018898090368,1,4,4.289131835437445,30.92384325124512,0
56.45375949585147,495.5190805978966,693.7784994888556,3,3,2.732101265841501,46.43880593694369,0
475.7525824246619,61.10906670315399,134.1809155968166,119,0,140.7716246874369,2.863731535991611,1
39.98379990105084,635.1448207541583,809.6163079955529,4,7,2.121878296394547,36.52791357905262,0
58.72457328280144,560.8351432578208,906.7009241543605,2,4,3.299671977337926,28.57744847830389,0
541.6635444554203,43.4701724857953,60.53238170487113,100,0,69.86646575846595,6.109715187126021,1
35.75251813786544,814.2270358611863,738.2359201761776,1,4,4.781684786466851,35.03558911706187,0
25.28355499872711,539.778793963822,1485.343297269104,2,3,2.157901310278612,32.7769943032587,0
49.44452301103381,673.4877786049817,678.6845798522642,1,2,3.393295138166481,23.87053868280027,0
35.69224897881952,713.3770096867065,1054.011471678284,2,4,2.921409204031181,27.96205327670152,0
374.1429648350634,62.94021667225727,164.1869716850704,106,3,77.96679999742858,3.678774417265122,1
45.28961694381677,694.9554135441324,569.3314160257512,1,5,2.664856861221808,28.9841573550766,0
573.9485894420804,75.13905472255641,69.23430589631462,122,0,90.15894085543384,5.526381949139492,1
463.1547176192354,46.47320568472909,71.49032011509235,117,0,120.8712224781954,3.832790873792964,1
47.8231879677278,597.4973041254856,935.8664748885616,2,8,3.141114496705593,23.29370136381631,0
39.78767182869287,625.3739661494574,879.2038748061541,2,5,3.752483377074219,31.01741001726144,0
344.2128101870461,72.25252754674224,65.0763120893427,83,0,123.3902954782866,1.469757829561539,1
475.4883658330784,59.50604713830015,69.41160689036403,112,1,99.81068909005808,5.239968767676264,1
583.9035551736993,33.90902200831781,73.98954932729595,92,1,138.0620937138932,7.662789871030117,1
441.7336585262607,48.79293687880313,124.6218669577083,97,0,111.4193928383548,7.827486009525687,1
622.0972767037023,72.7947501339779,8.221476156456262,89,2,118.3164080989206,4.0527406509611,1
56.14166700043425,766.9904504351406,847.3427791642837,1,4,2.608329390495967,35.49731885697827,0
727.4074982408367,20.98199066421238,92.5207342341312,89,1,132.4132208833867,5.106904331521273,1
33.93553679742428,772.6963851233405,1398.503070633624,0,8,1.10796642751433,23.88624860630912,0
551.8837398106398,46.48124670392346,164.5212662308431,99,0,95.54231470127672,8.57827479352236,1
614.3615726820793,98.87168174755126,64.46540037664946,81,2,91.8681697569214,4.199137596699205,1
701.9607421285996,40.63974070821438,35.25340573298699,98,2,84.81140104641777,2.976758336173871,1
39.91913689082596,651.5939217704099,1130.227248364731,4,3,2.890806905499447,31.1289401704276,0
46.06661187672639,566.618051024399,915.1527333203912,2,4,1.952225053860901,33.95336159345364,0
422.0666057462222,73.90332035236511,83.42031105342274,94,0,131.9272388552058,7.491868916620728,1
539.7105317223076,35.84450355151207,30.8266343772007,77,1,100.6656981582006,3.215053829672336,1
50.48084946661382,754.324352827219,1121.370118643134,1,5,3.656406565489972,28.76041987128496,0
53.61395605508414,595.3079421120816,1193.079496918234,0,7,2.303538910213311,25.74191379906646,0
42.03104744529523,646.8774256075023,1086.591965072139,1,7,1.73272331162727,35.41630888147152,0
64.46977884353733,761.2220628255425,1347.770270370666,1,5,2.795292766477712,36.16102118706956,0
559.2336971238201,56.2163932968216,172.5170129379531,101,2,94.91854829624268,6.493105703307158,1
506.425565810017,120.8137390831888,204.3132050404041,115,1,177.8015723634805,5.794893315105525,1
544.3314341210199,54.25835593769982,188.3964333419767,108,0,68.88415906699454,1.560314392304599,1
451.6224906691617,55.19203048623178,127.7689828074884,90,0,119.0109554608753,6.898991310561467,1
37.79156350028978,757.3986763290033,1551.932007782216,1,4,2.689603863524487,30.97483852995379,0
56.11676288840868,626.0673765823907,939.2547942446672,0,4,2.019235156337462,30.81713910193065,0
496.0978988399506,69.94435960906387,112.5215141500522,109,1,45.7953160647944,6.627877149047648,1
410.3840958847056,39.88888057632505,25.50318976798887,107,1,139.5998934555902,6.264442736971,1
57.00309879408992,731.4914453584047,1124.542244780054,0,3,4.222807922133408,22.54460038194263,0
47.31111309445169,619.4384301577336,1102.158417705519,0,8,4.0685495584553,37.41945076883881,0
451.3983272063432,78.178749937772,200.1473542038143,114,1,126.676510481436,3.368480380550726,1
513.3071092760524,81.73726979443671,127.8514811243901,101,0,94.01484383892128,3.30132430386965,1
455.50683444624,29.85002166796499,67.54618332166805,103,1,134.8107504236949,3.188532577765398,1
32.86865470909122,465.2873710470303,815.6280373749373,1,4,1.483337453714079,29.0641722606807,0
56.42722759867544,594.5105999383713,835.0971676944653,0,5,1.821820312665723,35.87407028792846,0
365.0498438901558,81.34935702141371,159.8066858545554,93,1,52.98400190718488,2.368710464359034,1
507.3017518534058,15.60021824887247,-40.91521431010895,95,5,86.55060174868827,4.638072952178192,1
559.6685214478862,85.72504172909717,215.8758115598428,109,1,97.73522885660992,4.430101814606841,1
370.2143509364988,90.71261957622065,55.00710141823659,110,2,79.57246578035904,3.220687032907718,1
501.9583735881529,69.12406638303486,109.0556144444715,114,0,119.8533543873787,5.057895041958558,1
60.30999522495951,544.969484615458,730.8258153053571,2,6,2.88634315750096,27.01360532076876,0
65.4993440501754,696.4087168288357,885.2796454206198,2,4,2.799428819344231,32.5512611120251,0
494.2017824324772,90.70243479625304,115.2850595374888,103,0,139.6397458413992,2.492445855636914,1
552.9389289677558,84.70967539006139,95.02246584075158,106,1,68.78021261748455,8.68113023621223,1
51.84836123694874,695.2874547202939,848.3435862224819,2,4,2.517122280708865,26.19857780689203,0
29.61875464822146,606.6990717224872,800.8369210419542,2,7,3.462154096059677,25.97819249118691,0
322.8585451292359,13.7228100878625,144.7925440051403,92,3,67.17088358219769,6.064789444720491,1
71.53182457511556,747.1170327493609,1223.479763180492,3,2,3.003582601832783,30.17196897653792,0
601.0831208637206,63.40020437960419,116.1877533615747,92,0,90.7583898078794,5.249564526785289,1
626.9519725626473,89.42800696333045,129.800433649306,103,0,101.6702291949018,5.687430548507432,1
457.600565463722,61.62249166837006,140.1363786218849,90,2,83.91716972745402,3.301877407747517,1
51.91099068019903,589.2697855995771,696.5652606656643,2,4,3.9177721505515,40.08887906587533,0
606.8379118280524,69.08662866304458,72.75649645882439,91,0,120.2207413248944,4.970998142376359,1
513.5955768841186,56.36709722187533,147.3910388206234,108,3,94.98619419282392,4.056041124405255,1
60.29155637325644,679.994190194205,1397.412222339888,2,9,4.99412374073444,36.51464210972905,0
453.0604191415991,52.80188925633504,-8.045630138336108,94,1,118.6242298252122,4.733962168451285,1
474.3136456432603,41.55893905645146,68.64817454250777,89,0,81.89799901482758,2.769362538508099,1
481.7692569294475,108.8357717065954,-3.513677225669753,117,0,97.75492702980104,0.3319223654220647,1
547.0510361074128,50.97249537837313,99.2156016621531,81,1,105.0998812441652,4.003745679569816,1
513.8454118856442,38.87383739048494,157.0006643200393,101,1,91.55453862188683,4.284073953541633,1
486.3861974879373,66.59267065615583,36.33722740965703,107,0,97.97287216634057,4.783797315872928,1
37.63049289121918,490.3724913104798,679.8192043046969,1,4,1.722915437668881,35.01682946364573,0
51.13517345251248,613.3540904782283,654.8386542418807,3,6,3.252003761201928,31.90260152658151,0
52.029230208513,586.5691258529453,893.7571410784803,2,3,2.073486745220252,33.16291399821099,0
478.6762156575402,82.22290430408925,110.5690327322982,93,0,80.43288000782545,7.196837287742044,1
61.49273326285676,575.3937511870051,1050.633047607596,3,10,3.930533319324591,30.36124567118101,0
49.87753227153085,753.0750832343697,941.2066104671636,1,4,2.225730077595945,26.17575385845948,0
51.86454314769428,544.6411758292005,809.212116120671,2,4,3.391551175260094,30.05684954399247,0
55.83928185325964,519.0396480078354,894.7504286965158,2,5,2.228730583322519,42.1993723349275,0
36.71813951101569,622.4451818559972,994.8851375616013,5,6,3.358917583740659,24.11484184273464,0
524.7422708101356,3.596623555186184,112.3173976474249,99,1,52.62515159732663,2.789531863240847,1
513.8558114166998,51.40334353704293,70.98224985736344,109,1,105.3740137072897,3.315138989137753,1
65.38036566465969,647.7040827223121,1247.226144361244,0,4,4.86419952588735,34.83062662765155,0
38.16741487334225,630.74066978091,1112.92118517872,1,4,3.523998955584328,36.4347364305821,0
567.054177567955,66.76946210624223,74.74913646274118,76,2,74.70399207134008,4.437542512055796,1
468.3946475098232,28.41309675859479,172.5687730535191,107,0,101.550105667013,7.198344594700634,1
51.50301761461878,619.0499679779066,1177.046296597798,1,1,2.878311314312731,38.64164690283167,0
473.8139539942084,40.24283852735518,-11.29677089790388,94,2,73.67793952041954,7.138886551112046,1
59.68644990532889,596.2777763490159,1060.094871922166,4,4,1.963670803161837,31.97378694553997,0
52.44966571108723,643.693816974635,1098.40376959856,2,3,2.078176343679786,22.85137878484814,0
61.89016531107552,691.9154173610002,1044.108285402773,1,7,3.524584683047615,28.60671833060345,0
59.26177547531641,677.8361076166638,1114.122599443906,0,4,1.606182352125795,26.79292104988283,0
48.16016663647321,708.5982116175032,1000.739134369569,4,4,3.932895355193809,33.62709413578883,0
518.5222784174016,71.37539390678897,92.08401937023108,110,1,79.22365131433179,3.499026849926875,1
437.7130362550631,38.36697807471879,184.3003474885222,105,2,95.33532623582826,6.150699094362412,1
58.71124703431693,357.5759739727058,814.9150747880825,1,5,2.144257420048493,24.46827921461445,0
53.32314011979592,535.6481769619857,1203.5322933687,1,7,2.011127652364416,42.2062792263267,0
65.86016816145352,670.810867668859,1238.821880609474,2,4,4.037005324369159,30.71344206100815,0
57.74634053429337,594.4230922342294,1039.789629359299,3,5,3.445759851217129,27.7651122359698,0
43.18948342525119,305.961136533572,986.2731907829062,1,2,2.870702542964492,33.93771662163432,0
538.3202099273591,79.91909856452813,100.8986289684154,106,0,107.5320868293084,4.99913274316278,1
65.0339830176715,672.5095786847997,975.4582132808551,2,1,3.216719642122883,24.36204524395619,0
43.49357430878173,582.9815377475071,782.9698946884404,4,2,2.732682976832191,30.93046510437968,0
567.4840232977697,49.75013218238196,76.19004198005064,93,1,138.5015792872403,4.382640856198962,1
439.3228861655308,75.34125378979404,139.834208004581,100,1,79.9725130882315,10.20188465441436,1
68.31458765854353,613.6535331082738,869.9952131186203,1,6,2.952141072347243,29.71581573896525,0
43.87211309515614,730.4340242878152,1081.721461540354,3,8,2.917486481088606,28.78666769286439,0
30.81228784700959,580.9317599236654,891.1771995771614,1,6,3.034204684538075,29.63007609231866,0
566.5673614699157,66.98024537256158,185.755910908939,100,0,96.6303064839529,8.062162453234441,1
38.89424154534171,721.7158520825496,1069.930009459939,0,0,3.046211603670917,31.85526869107682,0
30.47912200477498,466.8767046442222,1092.412178650379,2,5,1.685800470376891,34.56803608784017,0
53.47581705361671,680.8057798281145,1268.295183106176,3,4,4.578945092717976,24.80632782918665,0
55.19346514241172,598.4690150827005,794.1256983635857,1,1,2.936696777218663,29.20425264231136,0
444.060474861674,74.40448033810816,50.82751182610144,108,2,166.1435682736345,4.214497124092955,1
74.45751979616827,581.9520086409375,1119.758877912382,0,8,2.149434610496566,19.37986462060574,0
53.41151974816644,593.7406872100478,1030.351598449748,2,4,2.887873556388655,32.88758477303606,0
437.8510321102886,34.66922342110057,109.5961002518057,107,1,60.57853470531703,4.858962614003365,1
47.08306250206724,497.7207434801595,901.6727628735904,5,5,2.64745375726338,32.04305373781958,0
435.4227458012448,49.83469707833359,117.2387486296147,101,4,104.42480882534,8.380806886028836,1
49.37320902726828,630.8833012598964,816.7616169037515,4,4,1.991893493239572,25.93093179035535,0
471.7925522348474,48.00700977098136,34.04024736161003,91,0,119.3114118904787,4.937289425247948,1
493.9049910967186,64.08307743992054,112.7664085872522,103,0,129.7638111627118,3.902506445279762,1
59.35678393147461,699.8310898147961,1019.068839888262,4,1,4.494141897266825,25.76800847111156,0
414.3873229194512,54.11753639247661,88.97187327955052,112,1,105.8940625308778,3.977154322692675,1
52.14093744130204,539.8632356048786,1404.861924657371,2,5,2.106183569418387,30.96309573793468,0
49.49761890550863,580.6340540720282,1109.452959475593,1,7,1.589532583587225,29.54878559279839,0
43.00274492007414,579.0976742713975,1096.449790536131,4,5,3.777735047247854,32.95900595572508,0
47.40408648636395,592.0358608754285,830.4732142761831,1,6,2.820369627274485,39.75964544758712,0
571.0757544286844,113.8063001457739,166.7552308634312,100,0,75.45993249040552,4.069436432498357,1
68.76795812558066,504.6671391741287,963.09492846883,2,5,3.226292267243436,33.58869353329489,0
68.76170839215887,756.1511196726852,815.1533711463392,3,8,2.498008039818795,27.04889016847183,0
26.98078835264415,539.0217095680617,1472.774498923872,3,8,3.000223947995788,30.47034920595762,0
563.2312861228376,84.16549481304278,168.6374833124437,87,1,90.09464275689436,1.391754560576786,1
49.27989878419666,470.5318524279094,512.2365683447142,2,6,3.562910660285085,32.61010317555383,0
68.65774511144757,531.1849654822277,924.9607239352126,3,4,3.272517990229593,20.43574323326085,0
490.1624842692505,61.11260247531577,194.3929493979319,98,1,76.94497140100768,9.82990126742475,1
60.91506851922462,654.6733568201379,1125.1261867292,3,6,2.445406759567448,29.50695800497661,0
47.79035826170336,535.8518404777047,773.9592550652153,2,6,3.365169001048321,22.98191894464095,0
508.8978667872686,49.06323089610434,156.9455305740024,104,2,99.7001406286648,5.597510623976376,1
592.806600991889,98.01663630131488,65.27507948759745,97,2,148.7694380988123,-0.6487465776592822,1
534.3231654054039,87.75931167946734,212.2341127715128,100,1,71.38765649466927,1.424894011711351,1
80.78880808455239,511.25078221979,732.2788400553502,2,5,1.439829174870056,34.21975700259465,0
56.21809962217196,525.7529414301952,901.769250571579,0,5,2.540258604936961,33.22799039479773,0
371.1982661672803,66.9477968341711,172.3411420055767,77,2,67.12678200670156,6.430086214029135,1
536.3900640531075,47.27603117595743,74.76422690824243,96,2,48.84973681784622,4.527170739442729,1
40.81348053515802,623.3216131263501,815.106802374089,2,3,3.28191802075105,29.03002603716687,0
47.50963960443622,664.8280433843859,1144.312501025229,2,3,3.966139660861049,37.66506271124592,0
52.54420843301213,517.311964596014,1077.922835474181,2,2,3.835333435364835,36.47963930786875,0
559.9950714355871,60.86048970030254,36.50384563362265,99,2,144.8560382328639,8.436403262837352,1
535.282866788061,78.15959515610268,68.93341382390103,105,0,110.591091506952,6.600959678384103,1
541.0817095403788,51.35757913741161,115.5694968848214,93,3,100.1970860526202,9.802140656474464,1
45.79354677234641,310.3744621806311,819.5896891284979,3,2,3.752891081493785,37.35330995326144,0
45.98779528114164,584.147042697303,1306.7455419833,3,3,4.045056145231205,32.85551314295684,0
503.3810451971983,86.45096925663321,58.73935622271418,106,0,81.74231602149523,4.096182936185595,1
384.8235762705572,66.79057574808432,160.6491964274685,95,0,124.7793116931102,3.214463514276416,1
50.77368307647618,543.5752401342611,901.3754355200456,2,6,2.565205306627783,26.84883963176781,0
497.084214379357,44.5498278721568,137.0166711278239,102,1,95.19449301294974,5.233801066592619,1
42.84696290740032,696.387911679491,626.6920097278768,2,5,2.851777111156879,35.47281227306897,0
66.69021525289392,741.2220555415429,956.3908209215252,4,8,3.095350274332779,28.56639152589969,0
595.1303825162773,41.77439886194082,9.186674993300215,94,2,102.5515966247046,4.578424950842858,1
487.1276049378721,86.8266013909936,30.84910956277631,103,1,62.47809650623845,6.221692911751658,1
415.0207746125373,46.77956236914575,115.4578859758732,104,1,63.20859184730539,5.736807250060657,1
568.6698585577702,78.17526956248717,-6.659221381407193,102,1,94.00968094430608,5.55605893515787,1
341.6324579317977,87.42197627823845,188.1649400149785,87,2,84.57777666098403,3.965657446087734,1
61.79297184063827,752.8468426412531,1078.139184185629,0,5,2.570099894792113,26.29078419495762,0
548.4435186068466,75.22384745403018,143.0455052270731,101,2,158.1755410213797,1.722412765840336,1
416.2704713525198,19.52136778034111,81.74724835975147,92,2,91.5898087797226,3.587872272033618,1
40.95683374895592,488.0382566710989,773.8223129348169,1,7,4.629318517441612,26.61972816725597,0
58.6960592010566,535.4035820875465,872.9275222348741,1,5,4.069283706395183,37.54761996349427,0
45.55706739923888,602.0793707675408,1240.015791285372,2,7,2.539607667343345,28.95180003290419,0
427.3546423392028,59.72275730991457,54.11920054468339,96,0,97.99377087865454,4.946637732323174,1
39.32379570617405,457.8189333258156,740.0837526144805,1,6,3.773547615107018,28.05746466440574,0
57.08356447299353,646.7693171765433,954.0902689279304,1,6,2.411891401075691,22.9459885745452,0
489.1301561308963,75.9849291503449,65.79769848104792,119,4,86.23349572282689,2.829465883205946,1
552.2694707036708,74.13910019841084,166.7473364191821,80,0,91.73654603905572,3.585638921880093,1
442.1541516070284,72.50952000608102,130.6205826457688,91,2,54.34499282647942,10.75157976818932,1
51.20295631711899,567.7320161157865,1162.279310898318,5,4,2.659659517117097,34.80546728616041,0
54.12780926936498,843.9752406339273,796.9811616344263,3,6,4.196627120827243,29.76751709436721,0
37.10039100258946,806.2524919243144,793.4952192944921,2,4,2.470232294076959,24.47927271668041,0
532.3953083052274,76.51705339655419,27.66214468357674,84,2,136.0946667981005,7.847767380312135,1
51.1422764866204,633.1980330569014,1125.101603366207,1,4,2.854966308471578,30.47513942636036,0
410.2683010773444,72.84090183787123,52.24588559320863,109,0,115.4684290235629,4.312183015638031,1
551.9665065316939,43.80866395820856,36.84823232114669,92,0,112.4234640187527,3.355799622303969,1
56.50201177958661,626.9126941245107,1128.095959040165,0,5,2.593970845587285,17.38271318743765,0
390.3326364136796,52.53882664672169,175.3264318156133,118,0,83.35279390034002,5.17735463345031,1
562.8794250162505,50.11004052370045,31.8448459709203,76,2,98.51361946613436,3.206776553123435,1
687.52430230661,80.55767782866819,42.92921038863904,101,0,69.44038656092022,6.694039154290912,1
447.3633497867591,53.17537557953158,140.9986821173393,94,0,123.2554548735901,4.580098936435518,1
563.9909831764787,24.28517436107474,155.9084274186987,98,0,98.8323113745972,5.975116010330729,1
53.34456789987025,712.6705136827584,822.6638155433086,1,2,3.336601427562167,20.96205175409271,0
34.76813095216225,508.0615408413577,1050.448079285336,3,3,2.829776208028821,30.23230636577095,0
486.5329892610247,42.0411602871954,96.10459768343408,100,3,99.42294732643224,6.36393772098695,1
409.1522187579581,78.05356285398497,93.0601799527232,111,2,81.98590550790404,10.88915924810693,1
566.5920430872447,74.73674248210358,86.85915883514703,90,0,87.67813330067607,4.174774314926339,1
510.939720211877,95.12755975255985,105.0367904060672,94,1,91.95407108225766,1.815254442276789,1
61.58595579007404,461.0427533236404,1099.644349699357,2,3,3.489130556649288,26.67649547424493,0
56.29628841923612,632.1697806196014,699.3839396480364,2,2,1.87271447629307,32.57859809585068,0
394.5760198312821,55.14967100947956,82.00797696098061,97,2,52.72334414327468,3.74203918159037,1
61.03301882016521,590.9466717695839,579.9946984696752,4,5,2.996519151426798,36.17715887878401,0
59.84322398476584,596.6770009355539,1443.756046689627,4,4,1.661276293864427,31.49599883044448,0
42.01702755461546,578.5078969711265,1091.677340710297,2,7,3.343597535178216,23.42625569844789,0
49.65288230294757,840.3415585238275,954.2800169319964,3,8,1.902856130229536,27.98583285762598,0
46.36387787786144,670.9451817139039,881.5288088695893,0,11,3.408096058569944,32.06877101473694,0
35.36485051867881,591.9283419891418,984.847142692908,0,5,2.524465553264645,23.28395304708049,0
55.69767280232204,705.6056809066051,1227.124029436589,1,6,3.791140004355884,29.49652063591412,0
43.2360769794073,580.2661579692674,1070.500993671376,0,6,2.533381031824355,33.05219909904746,0
564.4191886323525,53.14011548795536,104.7088234586821,81,0,98.83284698738382,5.008250187432361,1
53.14247332595274,551.6114165945678,599.2275271186493,3,5,1.318031216014589,26.61964642353195,0
50.82283989275424,578.8869761172306,1078.75945964325,1,3,3.994868693787939,28.03976108666443,0
54.92451264008149,497.2324859074042,780.5394944734312,4,6,4.081316957768537,33.80587019525819,0
52.08863595004755,477.4234336997659,1078.483193435753,1,7,2.34316453130557,27.23537991881883,0
580.3944235254306,74.11026772120493,149.7001019753139,99,0,84.59052088956979,7.159396366953113,1
54.73237624573545,501.751260646169,715.208569509971,3,5,2.337308516511964,43.57408469743161,0
68.46636996047665,662.1571889856051,1064.811405644312,2,10,3.944214840251814,33.21358576315742,0
476.7975678827046,71.4731392655343,188.7518510563733,99,2,59.2030044062741,3.488447994075942,1
423.9877975958502,75.68569506527504,82.5786024854203,90,1,90.72795933290912,4.714905524277184,1
449.3088107271538,74.90373763787656,100.0080253703542,95,0,61.37412477822373,3.090036267112236,1
53.52055396514297,726.1921500713992,1155.481470552902,1,6,3.778774307977782,22.74448006766631,0
592.6933618673041,75.28316599863788,75.8258045798092,111,4,144.2661686250583,6.509196847863987,1
538.294494452075,26.09964414049385,65.3528384926466,97,1,140.0666853489371,3.636328244887088,1
395.679745773069,78.33412945178037,70.16137618161923,98,2,75.2807452476765,3.906483703975892,1
44.0842861116417,599.0881003355796,963.3606762559224,0,4,4.398483993069322,36.72142287617298,0
556.7291511706627,61.9825158495232,96.08066501353036,90,1,121.3039008831543,5.049154284546287,1
562.8813832651367,77.60972920448262,52.00137404279796,86,1,106.5034621514082,0.5368915592212673,1
560.2915425306771,74.66696014356361,143.1195287958844,87,3,157.3127152112177,3.579438889446782,1
427.8146276324366,91.17256034140172,85.50394234874923,104,0,99.14954733821214,7.068305995443743,1
55.90654830692309,552.6160652929084,922.9956376574272,4,7,1.954305029122088,26.94405748874857,0
466.7926930619737,58.36731279977512,152.9068056283711,107,2,134.6444535854079,4.349740003335141,1
64.77894044741517,567.8364948782618,711.2290367732917,2,3,3.699212438671986,33.2866054755977,0
60.5364179660784,416.9367103143543,969.832457686661,2,5,3.441419759892951,30.0939525565397,0
360.6356846582536,78.4617458490026,65.5958936709841,90,1,148.2067810144663,4.034863982577845,1
44.23228669431667,591.7319314157301,974.90914799942,2,8,4.009585967891194,32.15071487157686,0
47.35343166762044,501.1408892849083,1404.721243845928,0,7,4.187427151682,33.20939530738885,0
479.2250509247145,31.10717493863172,192.8795438324833,93,1,135.0235125362998,7.810247176150543,1
60.58424486849588,577.8746376414229,1224.870671974101,2,10,4.223793622513165,28.78635705344486,0
491.1708192566512,43.73751812307227,156.6048440417345,107,1,98.51580594029085,4.575038729626022,1
627.8918074872888,61.6228766369924,98.10426609336152,98,2,135.2935660331444,4.151496570775829,1
34.74474829075261,637.7100393902186,1017.04188992678,2,3,4.665252233944695,30.38681865142048,0
488.9199182448037,74.35692457992533,126.952074837638,92,1,113.8037287491451,4.730612265698689,1
651.7510998297665,32.81597462673354,100.6327232074327,104,4,122.6132091498766,2.065747340682977,1
43.23077999694041,649.4030186282739,868.3767021849487,0,4,0.5418305694509815,29.69111968864719,0
494.8551639904603,57.37639691470319,125.5033296585533,116,0,100.1566424602681,4.400243344766752,1
67.97686526849523,597.347874075094,1051.55050802855,1,8,2.886175227692523,28.69027496787823,0
50.60230209941027,687.0067730688754,1008.183835079144,3,3,2.543008166174769,23.88127576671865,0
45.21251378336522,650.8725023229933,833.3887885998482,4,7,4.295007149938418,23.450117228125,0
46.07891846867842,673.264007721558,1207.822357484054,2,4,1.947670530396805,30.90169345331944,0
394.8571921753504,85.31045842837081,154.2835954591819,91,2,83.2645643423969,6.280549897026804,1
53.57112571511746,565.0742295681571,1120.241349785823,3,5,2.516015660399447,30.27305891455035,0
581.0354307735824,41.7069252934854,106.7291642406123,95,2,142.1628604460779,6.196055480661257,1
519.3832948641855,43.61894713762388,130.7018131978604,103,0,93.49462184303364,5.736147893142156,1
528.6639851946214,69.61222430497189,140.2948888500534,110,0,74.76118775127361,3.901566718444087,1
47.80328112162488,565.134786559214,1000.105591771319,4,1,5.503171790905711,32.06686014565198,0
58.57659623202019,654.1462728204788,1136.713864640096,1,5,4.089629522909162,32.62584656631084,0
478.7029639674807,28.61801950613551,139.6370088152886,96,1,76.70907935612334,6.059459808047253,1
438.2280829030446,45.50171692469007,161.1789829879637,101,0,145.875583704121,3.666580216516802,1
34.65885829264378,645.5887772081608,775.4910387511172,1,7,3.915653804258344,20.93636017463428,0
50.9707754934804,592.8398740585936,1065.348952920464,4,4,3.324345711194924,22.11845501614377,0
53.07299520876609,570.9725455811349,1280.319718589286,2,7,4.623529210891807,26.3781818409827,0
55.29804177915283,766.125921454787,956.596589915126,3,7,2.512832816970855,27.82071322509297,0
369.1767783942758,65.27776988700043,-8.052799867463548,89,0,94.13191712716718,5.458700854725474,1
52.27459934604129,570.2436496640008,1032.952168247303,0,6,1.580615644203959,13.122104499112,0
676.1794618698331,63.35362666898479,160.0708515893512,117,2,99.2529194091154,1.984094171443691,1
48.07639035218877,615.0418905143576,1148.164869084025,0,2,3.077078611381494,24.80729571482122,0
532.4192020439316,66.47264945025955,-11.33807624786132,95,1,117.0473113341637,2.996796318626417,1
